type;auteur;annee;lien;titre;
hdr;A. Ern;1997;;Contribution à la modélisation mathématique et numérique des écoulements laminaires avec chimie complexe et transport multi-espèces;
hdr;C. Le Bris;1997;;Contribution à l'étude mathématique et numérique de quelques problèmes non linéaires issus des sciences physiques : chimie quantique moléculaire et mécanique des fluides;
hdr;S. Cohen;1998;;Université de Versailles, 17 décembre 1998;
hdr;B. Lapeyre;1998;;Université Paris 6, 7 juillet 1998;
hdr;S. Piperno;2000;http://cermics.enpc.fr/theses/2000/piperno.pdf;Contribution à l'étude mathématique et à la simulation numérique de phénomènes d'interaction fluide-structure;
hdr;M. De Lara;2000;;Structures géométriques Riemanniennes, modélisation de processus aléatoires de diffusion, application au filtrage non linéaire;
hdr;J. Lerbet;2001;;Synthèse des travaux: géométrie et mécanique;
hdr;B. Jourdain;2002;http://cermics.enpc.fr/theses/2002/jourdain.pdf;Interprétation probabiliste d' équations d'évolution non linéaires et applications;
hdr;R. Monneau;2002;http://cermics.enpc.fr/theses/2002/monneau.pdf;Contribution a l' étude de problèmes à frontières libres et d'équations aux dérivées partielles elliptiques non linéaires. Applications en combustion et élasticité;
hdr;E. Cancès;2003;http://cermics.enpc.fr/theses/2003/cances.pdf;Contributions à l'étude mathématique et numérique de modèles intervenant en simulation moléculaire et multi-échelle;
hdr;J.-F. Delmas;2003;http://cermics.enpc.fr/theses/2003/delmas.pdf;Quelques propriétés des superprocessus;
hdr;S. Lanteri;2003;http://www.inria.fr/rrrt/th-026.html;Méthodes numériques performantes en maillages non-structurés et applications en mécanique des fluides compressibles;
hdr;G. Turinici;2004;http://cermics.enpc.fr/theses/2004/turinici.pdf;Contrôle et simulations numériques en chimie quantique;
hdr;C. Imbert;2007;http://cermics.enpc.fr/theses/2007/imbert.pdf;Équations intégro-différentielles non-linéaires : questions d'existence, de régularité et d'homogénéisation;
hdr;T. Lelièvre;2009;http://tel.archives-ouvertes.fr/tel-00392808/fr/;Analyse mathématique et numérique de modèles pour les matériaux, de l'échelle microscopique à l'échelle macroscopique;
hdr;J.-Ph. Chancelier;2011;;Contributions à la commande de systèmes dynamiques, aspects numériques et applications;
hdr;G. Stoltz;2012;http://tel.archives-ouvertes.fr/tel-00709965;Simulation moléculaire : Problèmes dynamiques et hors d'équilibre;
hdr;A. Alfonsi;2012;https://hal.archives-ouvertes.fr/hal-00143723v5/document;Discretization of processes and Modeling in Finance. Ecole des Ponts ParisTech;
hdr;F. Meunier;2012;;Some questions in operations research, transport, and combinatorics;
hdr;A. Levitt;2020;https://hal.inria.fr/tel-03434517/document;Mathematical and numerical analysis of models of condensed-matter physics;
hdr;V. Ehrlacher;2020;https://theses.fr/2012PEST1073;Mathematical and numerical analysis of some high-dimensional and multiscale problems in materials science;
hdr;J. Reygner;2021;https://theses.fr/2014PA066471;Theoretical analysis and numerical methods for conservation laws, metastability and uncertainty propagation;
hdr;A. Hayat;2023;https://hal.archives-ouvertes.fr/tel-04244703;Contributions à la stabilisation des systèmes d’évolution;
hdr;V. Leclere;2023;https://hal.science/tel-04433079v1;Exact methods and applications of optimization under uncertainty;
hdr;A. Parmentier;2024;;Some contributions at the crossroad of machine learning and combinatorial optimization;
thèse;C. Le Bris;1993;https://theses.fr/1993EPXX0017;Quelques problèmes mathématiques en chimie quantique moleculaire;
thèse;F. Lebastard;1993;https://theses.fr/1993ISAL0030;Driver : une couche objet virtuelle persistante pour le raisonnement sur les bases de données relationnelles;
thèse;C. Djossou;1993;https://theses.fr/1993NICE4634;Approche multi-processus pour la coopération entre systèmes à base de connaissances;
thèse;X. Zhang;1994;https://theses.fr/1994ENPC9406;Analyse numérique des options américaines dans un modèle de diffusion avec des sauts;
thèse;Y. D'Angelo;1994;https://theses.fr/1994ENPC9425;Analyse et simulation numérique de phénomènes liés à la combustion supersonique;
thèse;W. Lejouad;1994;https://theses.fr/1994NICE4775;Étude et application des techniques de distribution pour un générateur de systèmes à base de connaissances;
thèse;S. Le Menec;1994;https://theses.fr/1994NICE4797;Théorie des jeux dynamiques et techniques de programmation avancée appliquées au duel aérien à moyenne distance;
thèse;P. Ballesta;1994;;Contraintes et objets : clefs de voute d'un outil d'aide à la composition musicale;
thèse;T. El Bouayachi;1994;https://theses.fr/1994PA090047;Chips et analyse temps-fréquence;
thèse;A. Ern;1994;;Vorticity-velocity modelling of chemically reactive flows;
thèse;A. Ern;1994;https://theses.fr/1994EPXX0011;Théorie mathématique et numérique pour l'évaluation des coefficients de transport dans les mélanges gazeux polyatomiques;
thèse;J.-P. Cioni;1995;https://theses.fr/1995NICE4890;Une méthode de volumes finis pour le résolution des équations de Maxwell instationnaires;
thèse;N. Chleq;1995;https://theses.fr/1995ENPC9504;Contribution à l'étude du raisonnement temporel : usage de la résolution avec contraintes et application à l'abduction en raisonnement temporel;
thèse;S. Piperno;1995;https://theses.fr/1995ENPC9523;Simulation numérique de phénomènes d'interaction fluide-structure;
thèse;K. Hao;1995;https://theses.fr/1995ENPC9527;Algèbre de Lie et cinématique des mécanismes en boucles fermées;
thèse;D. Issautier;1995;https://theses.fr/1995NICE4885;Méthodes particulaires en cinétique des gaz et transport de particules chargées;
thèse;R. Carpentier;1995;;Simulation numérique d'écoulements compressibles visqueux instationnaires;
thèse;P. Charman;1995;;Gestion des contraintes géométriques pour les problèmes d'aménagement spatial;
thèse;M. Bouzoubaa;1996;https://theses.fr/1996ENPC9624;Hiérarchies de contraintes : quelques approches de résolution;
thèse;M. Ben Slimane;1996;https://theses.fr/1996ENPC9616;Etude du formalisme multi-fractal pour les fonctions;
thèse;L. Bouaziz;1996;;Test de logiciel à l'aide de méthodes probabilistes;
thèse;K. Domelevo;1996;https://theses.fr/1996EPXX0040;Modélisation de la dispersion turbulente d'un nuage de gouttes et analyse mathématique d'équations cinétiques pour les écoulements diphasiques;
thèse;C. Dourthe;1997;https://theses.fr/1997ENPC9716;Auscultation radar : Application à la reconnaissance géotechnique;
thèse;A. Ezzine;1997;https://theses.fr/1997ENPC9735;Analyse d'opérateurs par ondelettes;
thèse;M.-C. Riff;1997;;Algorithmes évolutionnistes pour la résolution d'un problème de satisfaction de contraintes;
thèse;S. Depeyre;1997;https://theses.fr/1997ENPC9703;Méthodes numériques décentrées pour la mécanique des fluides et l'électromagnétisme;
thèse;T. Salset;1997;https://theses.fr/1997ENPC9711;Correction séquentielle de programmes parallèles dans le modèle asynchrone et mémoire partagée;
thèse;R. Keriven;1997;https://theses.fr/1997ENPC9726;Equations aux dérivees partielles, évolutions de courbes et de surfaces et espaces d'échelle : Applications à la vision par ordinateur;
thèse;M. Tolentino;1997;https://theses.fr/1997ENPC9727;Résolution hautes fréquences d'équations intégrales par une méthode de discrétisation microlocale;
thèse;F. Bonnet;1997;https://theses.fr/1997NICE5105;Résolutions efficaces pour le système de Maxwell instationnaire;
thèse;G. Trombettoni;1997;https://theses.fr/1997NICE5213;Algorithmes de maintien de solution par propagation locale pour les systèmes de contraintes;
thèse;J.-F. Delmas;1997;https://theses.fr/1997PA066061;Quelques propriétés des superprocessus;
thèse;A. Toubol;1997;https://theses.fr/1997PA077338;Etude de quelques modèles de systèmes désordonnés;
thèse;H. Oppenheim;1997;https://theses.fr/1997PA090023;Ondelettes et multifractals : Application à une fonction de Riemann en dimension 2;
thèse;F. Séverin;1998;;Etude de la modélisation de décharges sous vide et simulation;
thèse;S. Lala;1998;;Approximation géométrique des équations de l'électrodynamique;
thèse;N. Percovic;1998;;Recherche arborescente parallèle et séquentielle pour les problèmes de satisfaction de contraintes;
thèse;B. Jourdain;1998;https://theses.fr/1998ENPC9805;Sur l'interprétation probabiliste de quelques équations aux dérivées partielles non linéaires;
thèse;G. Caplain;1998;https://theses.fr/1998ENPC9810;Propriétés de correction séquentielle dans un langage parallèle à mémoire partagée;
thèse;E. Cancès;1998;https://theses.fr/1998ENPC9815;Simulation moléculaire et effets d'environnement - Une perspective mathématique et numérique;
thèse;F. Alliot;1998;https://theses.fr/1998ENPC9824;Etude des équations stationnaires de Stokes et Navier-Stokes dans des domaines extérieurs;
thèse;J.-F. Gerbeau;1998;https://theses.fr/1998ENPC9827;Modélisation mathématique et analyse numérique de l'électrolyse de l'aluminium;
thèse;S. Demphlous;1998;https://theses.fr/1998NICE5269;Gestion de la persistance au sein de systèmes réflexifs à objets;
thèse;R. Monneau;1999;https://theses.fr/1999PA066350;Problèmes de frontières libres dans les équations aux dérivées partielles;
thèse;A. Quadrat;1999;https://theses.fr/1999ENPC9921;Arbres éliminatifs en théorie du contrôle et en mécanique théorique;
thèse;M. Bostan;1999;https://theses.fr/1999ENPC9917;Schémas numériques pour la résolution du système de Vlasov-Maxwell;
thèse;M. Clerc;1999;https://theses.fr/1999EPXX0023;Identification de systèmes non-stationnaires;
thèse;D. Hirschkoff;1999;;Preuves de propriétés sémantiques d'un langage parallèle dans un méta-système logique;
thèse;R. Zhang;1999;;Couverture Approchée des Options Européennes;
thèse;M. Jaume;1999;https://theses.fr/1999ENPC9901;Contributions à la sémantique de la programmation logique;
thèse;M. Remaki;1999;https://theses.fr/1999ENPC9923;Méthodes numériques pour les équations de Maxwell instationnaires en milieu hétérogène;
thèse;M. Dvornikov;1999;https://theses.fr/1999ENPC9941;Mécanique des systèmes à degré de liberté infini, problèmes de roulement;
thèse;B. Sportisse;1999;https://theses.fr/1999EPXX0011;Réduction de schémas cinétiques et méthodes numériques pour la résolution des problèmes de transport d'espèces réactives;
thèse;O. Jautzy;2000;https://theses.fr/2000ENPC0002;Exploitation unifiée de bases de données indépendantes et exprimées dans des modèles de données différents;
thèse;J.M. Depinay;2000;https://theses.fr/2000ENPC0005;Automatisation de méthodes de réduction de variance pour la résolution de l'équation de transport;
thèse;F. Ksas;2000;https://theses.fr/2000EVRY0011;Méthodes de Monte-Carlo et suites à discrépance faible appliquées au calcul d'options en finance;
thèse;X. Blanc;2001;https://theses.fr/2001ENPC0012;Problèmes mathématiques liés à la modélisation des solides à différentes échelles;
thèse;O. Chanrion;2001;https://theses.fr/2001ENPC0022;Simulation de l'influence de la propulsion plasmique sur la charge électrostatique d'un satellite en milieu magnétosphérique;
thèse;M. Noubir;2001;https://theses.fr/2001ENPC0023;Numerical methods and probabilistic algorithms for the pricing of interest rate exotic derivatives in the libor and swap market models;
thèse;V. Dolean;2001;https://theses.fr/2001NICE5618;Algorithmes par décomposition de domaine et accélération multigrille pour le calcul d'écoulement compressibles;
thèse;E. Temam;2001;https://theses.fr/2001PA066482;Couverture approchée d'options exotiques : pricing des options asiatiques;
thèse;V. Aguilera;2001;https://theses.fr/2002ENPC0212;Exploitation de sites Web à la manière de bases de données à objets;
thèse;G. Sylvand;2002;https://theses.fr/2002ENPC0208;La méthode multipôle rapide en électromagnétisme : performances, parallèlisation, applications;
thèse;G. Fourestey;2002;https://theses.fr/2002ENPC0224;Simulation numérique et contrôle optimal d'intéractions fluide incompressible / structure par une méthode de Lagrange-Galerkin d'ordre 2 : Applications aux ouvrages d'art;
thèse;E. Bongiovanni;2002;https://theses.fr/2002ENPC0225;Méthodes de relaxation pour les équations de Navier-Stokes compressibles;
thèse;A. Ben Haj Yedder;2002;https://theses.fr/2002ENPC0226;Optimisation numérique et contrôle optimal : Applications en chimie moléculaire;
thèse;B. Madeline;2002;https://theses.fr/2002NICE5759;Algorithmes évolutionnaires et résolution de problèmes de satifaction de contraintes en domaines finis;
thèse;N. Canouet;2003;https://theses.fr/2003ENPC0009;Méthode de Galerkin discontinu pour la résolution du système Maxwell sur des maillages localement raffinés non-conformes;
thèse;L. Nguyen;2003;https://theses.fr/2003ENPC0012;Calibration de modèles financiers par minimisation d'entropie relative et modèles avec sautsbTexte imprimé;
thèse;B. Arouna;2004;https://theses.fr/2004ENPC0031;Algorithmes stochastiques et méthodes de Monte Carlo;
thèse;A. Auger;2004;https://theses.fr/2004PA066510;Etude d'algorithmes évolutionnaires et applications en chimie moléculaire;
thèse;Y. Gati;2004;https://theses.fr/2004ENPC0012;Modélisation mathématique et simulation bumérique de fluides complexes;
thèse;M. Chane-Yook;2004;https://theses.fr/2004AIX11043;Etude d'une équation cinétique liée à l'effet Compton : modélisation et simulation 3D de la charge d'un satellite en environnement plasmique;
thèse;T. Lelièvre;2004;https://theses.fr/2004ENPC0006;Modèles multi-échelles pour les fluides viscoélastiques;
thèse;K. Barty;2004;https://theses.fr/2004ENPC0011;Contributions à la discrétisation des contraintes de mesurabilité pour les problèmes d'optimisation stochastique;
thèse;L. Gilotte;2004;https://theses.fr/2004ENPC0023;Incertitude, inertie et choix optimal : Modèles de contrôle optimal appliqués au choix de politiques de réduction des émissions de gaz à effet de serre;
thèse;L. Andrieu;2004;https://theses.fr/2004ENPC0034;Optimisation sous contrainte en probabilité;
thèse;F. Legoll;2004;https://theses.fr/2004PA066203;Méthodes moléculaires et multi-échelles pour la simulation numérique des matériaux;
thèse;A. Blanchet;2005;https://theses.fr/2005PA090063;Formules de monotonie appliquées à des problèmes à frontière libre et de modélisation en biologie;
thèse;M. Poret;2005;https://theses.fr/2005ENPC0001;Méthodes en maillages mobiles auto-adaptatifs pour des systèmes hyperboliques en une et deux dimensions d'espace;
thèse;L. El Alaoui Lakhnati;2005;https://theses.fr/2005ENPC0005;Analyse d'esrreur a priori et a posteriori pour des méthodes d'éléments finis mixtes non-conformes;
thèse;M. Bernacki;2005;https://theses.fr/2005ENPC0010;Méthodes de type Galerkin discontinu pour la propagation des ondes en aéroacoustique;
thèse;M. Barrault;2005;https://theses.fr/2005ENPC0025;Développement de méthodes rapides pour le calcul de structures électroniques;
thèse;N. Moreni;2005;https://theses.fr/2005PA066626;Méthodes de Monte Carlo et valorisation d' options;
thèse;C. Strugarek;2006;https://theses.fr/2006ENPC0002;Approches variationnelles et autres contributions en optimisation stochastique;
thèse;P. Tardif d'Hamonville;2006;https://theses.fr/2006ENPC0614;Modélisation et simulation du transport advectif et diffusif en milieu poreux monophasique et diphasique;
thèse;A. Orriols;2006;https://theses.fr/2006ENPC0621;Algorithmes d'optimisation et de contrôle d'interface libre : application à la production industrielle d'aluminium;
thèse;A. Alfonsi;2006;https://theses.fr/2006ENPCXXX6;Modélisation en risque crédit : calibration et discrétisation de modèles financiers;
thèse;J. Guyon;2006;https://theses.fr/2006ENPCXXX8;Modelisation probabiliste en finance et en biologie : Théorèmes limites et applications;
thèse;A. Gloria;2007;https://theses.fr/2007ENPC0710;Méthodes numériques multiéchelles en élasticité non linéaire;
thèse;J. Lelong;2007;https://theses.fr/2007ENPC0714;Etude asymptotique des algorithmes stochastiques et calcul du prix des otpions Parisiennes;
thèse;A. Ghorbel;2007;https://theses.fr/2007ENPC0701;Analyse numérique de la dynamique des dislocations et applications à l'homogénéisation;
thèse;G. Stoltz;2007;https://theses.fr/2007ENPC0708;Quelques méthodes mathématiques pour la simulation moleculaire et multiéchelle;
thèse;N. Forcadel;2007;https://theses.fr/2007ENPC0711;Contribution à l'analyse d'équations aux dérivées partielles décrivant le mouvement de fronts avec applications à la dynamique des dislocations;
thèse;S. Meunier;2007;https://theses.fr/2007ENPC0717;Analyse d'erreur a postériori pour les couplages hydro-mécaniques et mise en oeuvre dans code_aster;
thèse;A. Stephansen;2007;https://theses.fr/2007ENPC0722;Méthodes de Galerkine discontinues et analyse d'erreur a posteriori pour les problèmes de diffusion hétérogène;
thèse;A. El Hajj;2007;https://theses.fr/2007MARN0373;Analyse théorique et numérique de la dynamique des densités de dislocations;
thèse;A. Bouquet;2007;https://theses.fr/2007NICE4090;Caractérisation de structures rayonnantes par une méthode Galerkin discontinu associée à une technique de domaines fictifs;
thèse;M. Benjemaa;2007;https://theses.fr/2007NICE4094;Étude et simulation numérique de la rupture dynamique des séismes par des méthodes d'éléments finis discontinus;
thèse;A. Dallagi;2007;https://theses.fr/2007PA010003;Méthodes particulaires en commande optimale stochastique;
thèse;H. Ibrahim;2008;https://theses.fr/2008ENPC0809;Analysis of parabolic/Hamilton-Jacobi systems modelizing the dynamics of dislocation densities in a bounded domain;
thèse;S. Scotti;2008;https://theses.fr/2008PEST0255;Dirichlet forms methods in finance;
thèse;B. Seck;2008;https://theses.fr/2008ENPC0812;From Risk Constraints in Stochastic Optimization Problems to Utility Functions;
thèse;P. Sochala;2008;https://theses.fr/2008ENPC0813;Méthodes numériques pour les écoulements souterrains et couplage avec le ruissellement;
thèse;A. Deleurence;2008;https://theses.fr/2008ENPC0814;Modélisation mathématique et simulation numérique de la structure électronique de cristaux en présence des défauts ponctuels;
thèse;G. Bencteux;2008;https://theses.fr/2008ENPC0817;Improvement of a domain decomposition method for electronic structure computation;
thèse;A. Siri-Jegousse;2009;http://cermics.enpc.fr/cermics-theses/2009/2009/Siri.pdf;Etude des généalogies dans des modèles de génétique des populations;
thèse;P. Sabino;2009;;Monte Carlo and Quasi-Monte Carlo Methods in Option Pricing and Hedging;
thèse;H. Galicher;2009;https://theses.fr/2009PA066641;Analyse mathématique de modèles en nanophysique;
thèse;S. Boyaval;2009;https://theses.fr/2009PEST1040;Mathematical modelling and numerical simulation in materials science;
thèse;M. Sbai;2009;https://theses.fr/2009PEST1046;Modélisation de la dépendance et simulation de processus en finance;
thèse;E. Lioris;2010;https://theses.fr/2010ENPC1009;Evaluation et optimisation de systèmes de taxis collectifs en simulation;
thèse;A. Anantharaman;2010;https://theses.fr/2010PEST1002;Analyse mathématique de quelques modèles en calcul de structures électroniques et homogénéisation;
thèse;D. Doyen;2010;https://theses.fr/2010PEST1019;Méthodes numériques pour des problèmes dynamiques de contact et de fissuration;
thèse;P. Girardeau;2010;https://theses.fr/2010PEST1026;Résolution de grands problèmes en optimisation stochastique dynamique et synthèse de lois de commande;
thèse;K. Minoukadeh;2010;https://theses.fr/2010PEST1034;Deterministic and stochastic methods for molecular simulation;
thèse;R. Roux;2010;https://theses.fr/2010PEST1040;Étude probabiliste de systèmes de particules en interaction : applications à la simulation moléculaire;
thèse;R. Costaouec;2011;https://theses.fr/2011PEST1012;Numerical methods for homogenization: applications to random media;
thèse;L. Monasse;2011;https://theses.fr/2011PEST1039;Analyse d'une méthode éléments finis discrets et couplage avec une méthode d'écoulements fluides compressibles;
thèse;J. Tryoen;2011;https://theses.fr/2011PEST1054;Méthodes de Galerkin stochastiques adaptatives pour la propagation d'incertitudes paramétriques dans les modèles hyperboliques;
thèse;A. Ahdida;2011;https://theses.fr/2011PEST1154;Matrix valued processes: simulation and dependence modelling in finance;
thèse;N. Chalhoub;2012;https://theses.fr/2012PEST1065;A posteriori error estimates for the unsteady advection-diffusion-reaction equation and application to finite volumes;
thèse;L. Abbas-Turki;2012;https://theses.fr/2012PEST1055;Calcul parallèle pour les problèmes linéaires, non-linéaires et linéaires inverses en finance;
thèse;D. Chemla;2012;https://theses.fr/2012PEST1066;Algorithms for optimizing shared mobility systems;
thèse;O. Henard;2012;https://theses.fr/2012PEST1084;Généalogie et Q-processus;
thèse;P. Hoscheit;2012;https://theses.fr/2012PEST1086;Tree-valued random process;
thèse;R. Joubaud;2012;https://theses.fr/2012PEST1088;Modélisation mathématique et numérique des fluides à l’échelle nanométrique;
thèse;V. Ehrlacher;2012;https://theses.fr/2012PEST1073;Modelisation and simulation of photo-electrical phenomena and Uncertainty quantification in contact problems;
thèse;D. El Kass;2012;;Atomic to continuum passage for nanotubes;
thèse;M. Rousseau;2012;https://theses.fr/2012PEST1101;Uncertainties in overland flow and erosion modeling;
thèse;F. Thomines;2012;;Multi-scale numerical approaches: Application to homogenization of random materials and discrete-to-continuum coupling methods;
thèse;F. Casenave;2013;https://theses.fr/2013PEST1076;Non-parametric uncertainties in aeroacoustics and vibroacoustics problems;
thèse;J. Infante-Acevedo;2013;https://theses.fr/2013PEST1086;Greedy algorithms and price impact models;
thèse;M. Jeunesse;2013;https://theses.fr/2013PEST1012;Numerical methods in finance;
thèse;C. Lusso;2013;https://theses.fr/2013PEST1197;Effective vertical velocity profiles in gravitational flows;
thèse;S. Lahbabi;2013;https://theses.fr/2013CERG0628;Etude mathématique de modèles quantiques et classiques pour les matériaux aléatoires à l'échelle atomique;
thèse;J-C. Alais;2013;https://theses.fr/2013PEST1071;Risque et optimisation pour le management d'énergies : application à l'hydraulique;
thèse;M. Al Haj;2014;https://theses.fr/2014PEST1001;Traveling waves and dynamics of particles;
thèse;A. Le Guilcher;2014;https://theses.fr/2014PEST1030;Front propagation methods and applications;
thèse;L. Paszkowski;2014;;Approximation of solutions and hypercontractivity estimates for a model of the evolution of dislocations;
thèse;J. Reygner;2014;https://theses.fr/2014PA066471;Longtime behaviour of particle systems: applications in physics, finance and PDEs;
thèse;D. Benoit;2014;https://theses.fr/2014CERG0690;Numerical methods for the simulation of non-newtonian fluids with applications to debris flows;
thèse;E. Regnier;2014;https://theses.fr/2014PA010075;Interactions between aquaculture and fisheries, and the viability approach to risk management in harvested ecosystems;
thèse;J. Bonelle;2014;https://theses.fr/2014PEST1078;Compatible discrete operator schemes on polyhedral meshes for elliptic and Stokes equations;
thèse;G. Chmaycem;2014;https://theses.fr/2014PEST1080;Study of the proud medium equation and of a blister model;
thèse;G. Costeseque;2014;https://theses.fr/2014PEST1081;Contribution à l'étude du trafic routier sur réseaux à l'aide des équations d'Hamilton-Jacobi;
thèse;V. Leclère;2014;https://theses.fr/2014PEST1092;Contributions to decomposition methods in stochastic optimization;
thèse;T. Pradeau;2014;https://theses.fr/2014PEST1096;Congestion games with player-specific cost functions;
thèse;A. Puscas;2014;https://theses.fr/2014PEST1097;Méthode de couplage conservative entre un fluide compressible non-visqueux et une structure tridimensionnelle déformable pouvant se fragmenter;
thèse;J. Mint-Moustapha;2014;https://theses.fr/2014PEST1113;Modélisation mathématique et simulation du trafic routier : analyse statistique de modèles d'insertion et simulation probabiliste d'un modèle cinétique;
thèse;E. Palidda;2015;https://theses.fr/2015PESC1027;Managing Interest Rates derivatives with stochastic variance-covariance;
thèse;L. Sepulveda;2015;https://theses.fr/2015PESC1034;Mathematical viability methods for supervision and control of endemic diseases of South-West Colombia;
thèse;P. Sarrabezolles;2015;https://theses.fr/2015PESC1033;Colourful linear programming;
thèse;C. Smadi Lasserre;2015;https://theses.fr/2015PESC1035;Population extinction in random environnment and genetic hitchhiking;
thèse;D. Gontier;2015;https://theses.fr/2015PESC1109;Contributions mathématiques aux calculs de structures électroniques;
thèse;P. Blanc;2015;https://theses.fr/2015PESC1110;Effets de rétroaction en finance : applications à l'exécution optimaleet aux modèles de volatilité;
thèse;H. Alrachid;2015;https://theses.fr/2015PESC1115;Analyse mathématique de méthodes numériques stochastiques en dynamique moléculaire;
thèse;W. Minvielle;2015;https://theses.fr/2015PESC1128;Quelques problèmes liés à l'erreur statistique en homogénéisation stochastique;
thèse;C. Rey;2015;https://theses.fr/2015PESC1177;Étude et modélisation des équations différentielles stochastiques;
thèse;N. Mourad;2015;https://theses.fr/2015TELE0016;A mathematical and numerical analysis of the pseudopotential method;
thèse;A. Homman;2016;https://theses.fr/2016PESC1040;Development of new numerical integration schemes of.multiscale coarse-graining methods;
thèse;A. Parmentier;2016;https://theses.fr/2016PESC1060;Algorithms for shortest path and airline problems;
thèse;F. Madiot;2016;https://theses.fr/2016PESC1052;Multiscale finite element methods for advection-diffusion problems;
thèse;A. Al Gerbi;2016;https://theses.fr/2016PESC1022;Ninomiya-Victoir scheme: strong convergence, asymptotics for the normalized error and multilevel Monte Carlo methods;
thèse;P. Cantin;2016;https://theses.fr/2016PESC1028;Approximation of scalar and vector transport problems on polyhedral meshes;
thèse;R. Fischer;2016;https://theses.fr/2016PESC1039;Modélisation de la dépendance pour des statistiques d'ordre et estimation non-paramétrique;
thèse;E. Ntovoris;2016;https://theses.fr/2016PESC1057;Contribution à la théorie des EDP non linéaires avec applications à la méthode des surfaces de niveau, aux fluides non newtoniens et à l'équation de Boltzmann;
thèse;R. Sainct;2016;https://theses.fr/2016PESC1067;Étude des instabilités dans les modèles de trafic;
thèse;J.L. Vié;2016;https://theses.fr/2016PESC1072;Second-order derivatives for shape optimization with a level-set method;
thèse;E. Bernard;2016;https://theses.fr/2016PESC1089;Interaction de physisorption d'une molécule de dihydrogène avec une surface métallique;
thèse;L. Daudet;2017;https://theses.fr/2017PESC1222;Algorithms for train scheduling on a single line;
thèse;R. Riedlbeck;2017;https://theses.fr/2017MONTS055;Adaptive algorithms for poromechanics and poroplasticity;
thèse;A. Bakhta;2017;https://theses.fr/2017PESC1046;Modèles mathématiques et simulation numérique de dispositifs photovoltaïques;
thèse;G. Faure;2017;https://theses.fr/2017PESC1063;Couplage micro/hydro pour la simulation d’ondes de choc et de détonation;
thèse;J. Firozaly;2017;https://theses.fr/2017PESC1064;Homogénéisation d’équations de Hamilton-Jacobi et applications au trafic routier;
thèse;Y. Masson;2017;https://theses.fr/2017PESC1144;Existence et construction de réseaux de Chebyshev avec singularités et application aux gridshells;
thèse;B. Nectoux;2017;https://theses.fr/2017PESC1228;Analyse spectrale et analyse semi-classique pour l'étude de la métastabilité en dynamique moléculaire;
thèse;A. Iacobucci;2017;https://theses.fr/2017PSLED040;Nonequilibrium stationary states of rotor and oscillator chains;
thèse;H. Louvin;2017;https://theses.fr/2017SACLS351;Development of an adaptive variance reduction technique for Monte Carlo particle transport;
thèse;H. Gerard;2018;https://theses.fr/2018PESC1111;Stochastic optimization problems: Decomposition and coordination under risk;
thèse;M. Iben Taari;2018;https://theses.fr/2018LILUI071;Valorisation des ajustements Xva : De l’exposition espérée aux risques adverses de corrélation;
thèse;E. Gaillard De Saint Germain;2018;https://theses.fr/2018PESC1113;Arbitrer coût et flexibilité dans la Supply Chain;
thèse;J. Roussel;2018;https://theses.fr/2018PESC1115;Analyse théorique et numérique de dynamiques non-réversibles en physique statistique computationnelle;
thèse;M. Josien;2018;https://theses.fr/2018PESC1120;Etude mathématique et numérique de quelques modèles multi-échelles issus de la mécanique des matériaux;
thèse;M. Sciauveau;2018;https://theses.fr/2018PESC1127;Asymptotiques de fonctionnelles d'arbres aléatoires et de graphes denses aléatoires;
thèse;A. Zhou;2018;https://theses.fr/2018PESC1128;Etude théorique et numérique de problèmes non linéaires au sens de McKean en finance;
thèse;P. Terrier;2018;https://theses.fr/2018PESC1135;Algorithmes stochastiques pour simuler l'évolution microstructurale d'alliages ferritiques : une étude de la dynamique d'amas;
thèse;A. Benaceur;2018;https://theses.fr/2018PESC1140;Réduction de modèles en thermo-mécanique;
thèse;F. Pacaud;2018;https://theses.fr/2018PESC1147;Decentralized optimization for energy efficiency under stochasticity;
thèse;K. Cascavita-Mellado;2018;https://theses.fr/2018PESC1158;Méthodes de discrétisation hybrides pour les problèmes de contact de Signorini et les écoulements de Bingham;
thèse;L. Cao;2019;https://theses.fr/2019PESC1028;Mathematical analysis of electronic structure models for defected materials;
thèse;G. Ferre;2019;https://theses.fr/2019PESC1035;Large Deviations Theory in Statistical Physics: Some Theoretical and Numerical Aspects;
thèse;B. Dubois;2019;https://theses.fr/2019PESC1031;Multi-task electricity loads forecasting;
thèse;G. Emprin;2019;https://theses.fr/2019PESC1032;Une topologie pour les arbres labellés, application aux arbres aléatoires s-compacts;
thèse;N. Pignet;2019;https://theses.fr/2019PESC1043;Hybrid High-Order methods for nonlinear solidm mechanics;
thèse;L. Silva Lopes;2019;https://theses.fr/2019PESC1045;Méthodes numériques pour la simulation d'évènements rares en dynamique moléculaire;
thèse;T. Rigaut;2019;https://theses.fr/2019PESC2015;Time decomposition methods for optimal management of energy storage under stochasticity;
thèse;P. Daniel;2019;https://theses.fr/2019SORUS475;Éléments finis hp adaptatifs avec contraction d’erreur garantie et solveurs multi-niveaux inexacts;
thèse;Q. Du;2019;https://theses.fr/2020SORUS040;Sequential Monte Carlo and Applications in Molecular Dynamics;
thèse;D.N. Tran;2020;https://theses.fr/2020PESC1040;Tropical dynamic programming in multistage stochastic optimization;
thèse;V. Cohen;2020;https://theses.fr/2020PESC1034;Integer programming for influence diagrams and airline maintenance problems;
thèse;F. Marazzato;2020;https://theses.fr/2020PESC1001;Discrete element and time-integration methods forelasto-plasticity and dynamic cracking;
thèse;F. Plesse;2020;https://theses.fr/2020PESC1003;Intégration de Connaissances aux Modèles Neuronaux pour la Détection de Relations Visuelles Rares;
thèse;O. Bencheikh;2020;https://theses.fr/2020PESC1030;Analyse de l'erreur faible de discrétisation en temps et en particules d'équations différentielles stochastiques non linéaires au sens de McKean;
thèse;W. Margheriti;2020;https://theses.fr/2020PESC1036;Sur la stabilité du problème de transport optimal martingale;
thèse;R. Milani;2020;https://theses.fr/2020PESC1037;Schémas de discrétisation Compatible Discrete Operator pour les équations de Navier–Stokes d’un fluide incompressible en régime instationnaire;
thèse;M. Ramil;2020;https://theses.fr/2020PESC1038;Processus cinétiques dans les domaines à bord et quasi-stationnarité;
thèse;S. Siraj-Dine;2020;https://theses.fr/2020PESC1039;Dynamics of electrons in 2D materials;
thèse;D. Kadnikov;2020;https://theses.fr/2020PESC1045;Jeux sous forme intrinsèque avec le modèle de Witsenhausen;
thèse;A. Miraci;2020;https://theses.fr/2020SORUS178;Adaptive control of iterative solvers;
thèse;E. Kahn;2021;https://theses.fr/2021ENPC0016;Inégalités fonctionnelles, comportement en temps long et matrices aléatoires;
thèse;S. Deschamps;2021;https://theses.fr/2021ENPC0029;Modèles de demande et optimisation du programme des vols d'une compagnie aérienne;
thèse;A. Le Franc;2021;https://theses.fr/2021ENPC0031;Optimisation stochastique de systèmes énergétiques urbains avec prise en compte du risque;
thèse;A. Touboul;2021;https://theses.fr/2021ENPC0017;Model of margin, margin sensitivity analysis and uncertainty quantification in graphs of functions in complex industrial systems;
thèse;S. Mehalla;2021;https://theses.fr/2021ENPC0022;Modélisation de volatilité et de risques de crédit pour l'assurance : aspect numérique et calibration;
thèse;D. Dronnier;2021;https://theses.fr/2021ENPC0025;Etudes des modèles d'épidémies sur les grands graphes denses;
thèse;T. Martin;2021;https://theses.fr/2021ENPC0041;Stochastic optimisation for the procurement of crude oil in refineries;
thèse;T. Bittar;2021;https://theses.fr/2021ENPC2004;Stochastic optimization of maintenance scheduling: blackbox methods, decomposition approaches - Theoretical and numerical aspects;
thèse;R. Benda;2021;https://theses.fr/2021IPPAX089;Modélisation multi-échelle de nano-capteurs à base de nanotubes de carbone et de polymères conjugués pour la qualité de l’eau;
thèse;C. Henin;2021;https://theses.fr/2021LYSEI058;Expliquer et justifier les systèmes de décisions algorithmiques;
thèse;A. Cherchali;2021;https://theses.fr/2021PESC1102;Modélisation et méthodes numériques pour la gestion actif/passif;
thèse;R. Coyaud;2021;https://theses.fr/2021PESC1103;Etude de méthodes déterministes et stochastiques pour le transport optimal;
thèse;Z. Belkacemi;2022;https://theses.fr/2022ENPC0030;Méthodes d'apprentissage en simulation moléculaire;
thèse;I. Sekkat;2022;https://theses.fr/2022ENPC0031;Inférences bayésiennes en grande dimension;
thèse;G. Dalle;2022;https://theses.fr/2022ENPC0047;Apprentissage statistique et algorithmes d'optimisation combinatoire, avec des applications à la planifica tion ferroviaire;
thèse;M. R. Blel;2022;https://theses.fr/2022ENPC0025;Techniques de réduction de modèles pour des problèmes stochastiques;
thèse;R. Goudey;2022;https://theses.fr/2022ENPC0032;Problèmes d'homogénéisation elliptique en présence de défauts;
thèse;H. Madmoun;2022;https://theses.fr/2022ENPC0037;Construction de stratégies d'investissement en utilisant des algorithmes de Machine Learning;
thèse;M. Nassif;2022;https://theses.fr/2022ENPC0039;Arbres aléatoires : asymptotique de fonctionnelles et limites locales;
thèse;M. Forcier;2022;https://theses.fr/2022ENPC0040;Optimisation stochastique multi-étapes et géométrie polyédrale;
thèse;G. Kemlin;2022;https://theses.fr/2022ENPC0042;Analyse numérique pour la théorie de la fonctionnelle de densité;
thèse;C. Vessaire;2022;https://theses.fr/2022ENPC0044;Conception et gestion de l'exploitation des champs pétroliers en tenant compte des incertitudes liées aux observations partielles;
thèse;I. Niakh;2022;https://theses.fr/2022ENPC0045;Réduction de modèle pour les inéquations variationnelles;
thèse;J. Cauvin Vila;2023;https://theses.fr/2023ENPC0050;Systèmes de diffusion croisée sur des domaines à frontières mobiles;
thèse;H. Langlois;2023;https://theses.fr/2023ENPC0045;Noyaux et quasi-noyaux dans les graphes orientés;
thèse;C. Hardy;2023;https://theses.fr/2023ENPC0009;Estimation and testing of mixtures of Hilbert-valued features issued from a continuous dictionary;
thèse;R. Biezemans;2023;https://theses.fr/2023ENPC0029;Multiscale methods: non-intrusive implementation, advection-dominated problems and related topics;
thèse;S. Piccardo;2023;https://theses.fr/2023ENPC0036;Simulation of two-fluid immiscible Stokes flows using hybrid nonconforming methods and geometrically unfitted meshes;
thèse;M. Steins;2023;https://theses.fr/2023ENPC0039;An explicit hybrid high-order method for structural dynamics;
thèse;Y. Conjungo Taumhas;2023;https://theses.fr/2023ENPC0042;Calculs de criticité en neutronique : réductions de modèles et estimateurs d'erreur à postériori;
thèse;R. Flenghi;2023;https://theses.fr/2023ENPC0051;Theoréme de la limite centrale pour des fonctionelles non linéaires de la mesure empirique et pour le rééchantillonnage stratifié;
thèse;T. Pigeon;2023;https://theses.fr/2023ENSL0070;Méthodes d'échantillonage d'évènements rares et machine learning pour l'étude des mécanismes de réaction catalytiques;
thèse;M. Fuente Ruiz;2023;https://theses.fr/2023SORUS060;Méthodes tensorielles adaptatives pour problèmes haute dimensionnelles;
thèse;L. Vidal;2024;https://theses.fr/2024ENPC0015;Méthodes de réduction de modèles pour la physique et la chimie quantiques;
thèse;N. Vadillo Fernandez;2024;https://theses.fr/2024ENPC0016;Risk valuation for weather derivatives related to the energy market;
thèse;N. Lichtle;2024;https://theses.fr/2024ENPC0030;Stabilization and control of dynamic systems: from classical methods to reinforcement learning;
thèse;A. Kirsch;2024;https://theses.fr/2024ENPC0031;Analyse mathématique et numérique de méthodes de plongement en mécanique quantique;
thèse;E. Letournel;2024;https://theses.fr/2024ENPC0032;Theoretical and numerical analysis of static and dynamical models in electronic structure calculation;
thèse;H. Andres;2024;https://theses.fr/2024ENPC0044;Modélisation et validation des scénarios économiques monde-réel en assurance : Prise en compte des propriétés trajectorielles;
thèse;R. Santet;2024;https://theses.fr/2024ENPC0045;Fondations et optimisation d'échantillonneurs de Langevin;
thèse;L. Bouvier;2024;https://theses.fr/2024ENPC0046;Apprentissage structuré et optimisation combinatoire : contributions méthodologiques et routage d'inventaire chez Renault;
thèse;L-P. Chaintron;2024;https://theses.fr/2024ENPC0047;Dynamiques contraintes en dimensions finie et infinie, approche par la théorie des grandes déviations et du contrôle;
thèse;J. Weibel;2024;https://theses.fr/2024ORLE1031;Graphons de probabilités, limites de graphes pondérés aléatoires et chaînes de Markov branchantes cachées;
thèse;K. Lefki;2024;https://theses.fr/2024UEFL2066;Atomes d'un opérateur positif sur Lp et application à l'étude des équilibres d'un modèle SIS infini-dimensionnel;
thèse;L-A. Sellem;2024;https://theses.fr/2024UPSLM032;Bosonic qubits and quantum reservoirs: taming the environment;
thèse;E. Lombardo;2024;https://theses.fr/2025ENPC0011;Approximation and regularity results for the Heston model and related processes;
thèse;E. Lombardo;2025;https://theses.fr/2025ENPC0011;Approximation and regularity results for the Heston model and related processes;
thèse;Z. Fornier;2025;https://theses.fr/2025ENPC0017;Stochastic optimization for complex systems with renewable energy;
thèse;L. Baty;2025;https://theses.fr/2025ENPC0022;Combinatorial optimization and decision-focused learning: algorithms, implementations, and applications at Air France;
thèse;Z. Wang;2025;https://theses.fr/2025ENPC0024;Schémas numériques efficaces pour les équations d’évolution avec singularités et chocs;
thèse;R. Mottier;2025;https://theses.fr/2025ENPC0034;Hybrid high-order methods for the numerical simulation of elasto-acoustic wave propagation;
thèse;R. Lefgoum;2025;https://theses.fr/2025ENPC0035;Stochastic optimization fordesign and management of hydrogen supply chains;
thèse;S. Ruget;2025;https://theses.fr/2025ENPC0036;Effective approximations for multiscale PDEs based on limited information;
thèse;A. Lefort;2025;https://theses.fr/2025ENPC0044;Multiscale approaches for reaction-diffusion equations and applications;
thèse;E. Loko;2025;https://theses.fr/2025ENPC0053;Analyse de la stabilité des systèmes de dimension infinie et effets des perturbations : théorie et applications;
thèse;N. Blassel;2025;https://theses.fr/2025ENPC0057;Analyse et échantillonnage de dynamiques métastables et hors d'équilibre;
thèse;C. Martinez Parra;2025;https://theses.fr/2025ENPC0060;Valeurs d’usage dans un système multinœuds pour des études prospectives en énergie;
thèse;A. Kabalan;2025;https://theses.fr/2025ENPC0061;Model-order reduction for nonparametrized geometrical variability with application to aeronautics simulation;
thèse;K. Shao;2025;https://theses.fr/2025UPSLD004;Martingale optimal transport and graphon mean fieldgames;
thèse;R. Vanlaere;2025;https://theses.fr/2025UPSLD048;Propriétés de contrôlabilité de l’équation de la chaleur sur des variétés sous-riemanniennes;
thèse;V. Pinto De Pina Ferreira;2025;https://theses.fr/s341936;Optimisation sous incertitude de la gestion opérationnelle d'un système hybride de production électrique;
thèse;S. Darshan;2025;https://theses.fr/s346960;Analyse et simulation des quelques modèles de système des particules en interaction hors d'équilibre;
